,k,pk
0,1.0,0.4293785310734463
1,1.0,0.4293785310734463
2,1.0,0.4293785310734463
3,1.0,0.4293785310734463
4,1.0,0.4293785310734463
5,1.0,0.4293785310734463
6,1.0,0.4293785310734463
7,1.0,0.4293785310734463
8,1.0,0.4293785310734463
9,1.0,0.4293785310734463
10,1.0,0.4293785310734463
11,1.0,0.4293785310734463
12,1.0,0.4293785310734463
13,1.0,0.4293785310734463
14,1.0,0.4293785310734463
15,1.0,0.4293785310734463
16,1.0,0.4293785310734463
17,1.0,0.4293785310734463
18,1.0,0.4293785310734463
19,1.0,0.4293785310734463
20,1.0,0.4293785310734463
21,1.0,0.4293785310734463
22,1.0,0.4293785310734463
23,1.0,0.4293785310734463
24,1.0,0.4293785310734463
25,1.0,0.4293785310734463
26,1.0,0.4293785310734463
27,1.0,0.4293785310734463
28,1.0,0.4293785310734463
29,1.0,0.4293785310734463
30,1.0,0.4293785310734463
31,1.0,0.4293785310734463
32,1.0,0.4293785310734463
33,1.0,0.4293785310734463
34,1.0,0.4293785310734463
35,1.0,0.4293785310734463
36,1.0,0.4293785310734463
37,1.0,0.4293785310734463
38,1.0,0.4293785310734463
39,1.0,0.4293785310734463
40,1.0,0.4293785310734463
41,1.0,0.4293785310734463
42,1.0,0.4293785310734463
43,1.0,0.4293785310734463
44,1.0,0.4293785310734463
45,1.0,0.4293785310734463
46,1.0,0.4293785310734463
47,1.0,0.4293785310734463
48,1.0,0.4293785310734463
49,1.0,0.4293785310734463
50,1.0,0.4293785310734463
51,1.0,0.4293785310734463
52,1.0,0.4293785310734463
53,1.0,0.4293785310734463
54,1.0,0.4293785310734463
55,1.0,0.4293785310734463
56,1.0,0.4293785310734463
57,1.0,0.4293785310734463
58,1.0,0.4293785310734463
59,1.0,0.4293785310734463
60,1.0,0.4293785310734463
61,1.0,0.4293785310734463
62,1.0,0.4293785310734463
63,1.0,0.4293785310734463
64,1.0,0.4293785310734463
65,1.0,0.4293785310734463
66,1.0,0.4293785310734463
67,1.0,0.4293785310734463
68,1.0,0.4293785310734463
69,1.0,0.4293785310734463
70,1.0,0.4293785310734463
71,1.0,0.4293785310734463
72,1.0,0.4293785310734463
73,1.0,0.4293785310734463
74,1.0,0.4293785310734463
75,1.0,0.4293785310734463
76,1.0,0.4293785310734463
77,1.0,0.4293785310734463
78,1.0,0.4293785310734463
79,1.0,0.4293785310734463
80,1.0,0.4293785310734463
81,1.0,0.4293785310734463
82,1.0,0.4293785310734463
83,1.0,0.4293785310734463
84,1.0,0.4293785310734463
85,1.0,0.4293785310734463
86,1.0,0.4293785310734463
87,1.0,0.4293785310734463
88,1.0,0.4293785310734463
89,1.0,0.4293785310734463
90,1.0,0.4293785310734463
91,1.0,0.4293785310734463
92,1.0,0.4293785310734463
93,1.0,0.4293785310734463
94,1.0,0.4293785310734463
95,1.0,0.4293785310734463
96,1.0,0.4293785310734463
97,1.0,0.4293785310734463
98,1.0,0.4293785310734463
99,1.0,0.4293785310734463
100,1.0,0.4293785310734463
101,1.0,0.4293785310734463
102,1.0,0.4293785310734463
103,1.0,0.4293785310734463
104,1.0,0.4293785310734463
105,1.0,0.4293785310734463
106,1.0,0.4293785310734463
107,1.0,0.4293785310734463
108,1.0,0.4293785310734463
109,1.0,0.4293785310734463
110,1.0,0.4293785310734463
111,1.0,0.4293785310734463
112,1.0,0.4293785310734463
113,1.0,0.4293785310734463
114,1.0,0.4293785310734463
115,1.0,0.4293785310734463
116,1.0,0.4293785310734463
117,1.0,0.4293785310734463
118,1.0,0.4293785310734463
119,1.0,0.4293785310734463
120,1.0,0.4293785310734463
121,1.0,0.4293785310734463
122,1.0,0.4293785310734463
123,1.0,0.4293785310734463
124,1.0,0.4293785310734463
125,1.0,0.4293785310734463
126,1.0,0.4293785310734463
127,1.0,0.4293785310734463
128,1.0,0.4293785310734463
129,1.0,0.4293785310734463
130,1.0,0.4293785310734463
131,1.0,0.4293785310734463
132,1.0,0.4293785310734463
133,1.0,0.4293785310734463
134,1.0,0.4293785310734463
135,1.0,0.4293785310734463
136,1.0,0.4293785310734463
137,1.0,0.4293785310734463
138,1.0,0.4293785310734463
139,1.0,0.4293785310734463
140,1.0,0.4293785310734463
141,1.0,0.4293785310734463
142,1.0,0.4293785310734463
143,1.0,0.4293785310734463
144,1.0,0.4293785310734463
145,1.0,0.4293785310734463
146,1.0,0.4293785310734463
147,1.0,0.4293785310734463
148,1.0,0.4293785310734463
149,1.0,0.4293785310734463
150,1.0,0.4293785310734463
151,1.0,0.4293785310734463
152,1.0,0.4293785310734463
153,1.0,0.4293785310734463
154,1.0,0.4293785310734463
155,1.0,0.4293785310734463
156,1.0,0.4293785310734463
157,1.0,0.4293785310734463
158,1.0,0.4293785310734463
159,1.0,0.4293785310734463
160,1.0,0.4293785310734463
161,1.0,0.4293785310734463
162,1.0,0.4293785310734463
163,1.0,0.4293785310734463
164,1.0,0.4293785310734463
165,1.0,0.4293785310734463
166,1.0,0.4293785310734463
167,1.0,0.4293785310734463
168,1.0,0.4293785310734463
169,1.0,0.4293785310734463
170,1.0,0.4293785310734463
171,1.0,0.4293785310734463
172,1.0,0.4293785310734463
173,1.0,0.4293785310734463
174,1.0,0.4293785310734463
175,1.0,0.4293785310734463
176,1.0,0.4293785310734463
177,1.0,0.4293785310734463
178,1.0,0.4293785310734463
179,1.0,0.4293785310734463
180,1.0,0.4293785310734463
181,1.0,0.4293785310734463
182,1.0,0.4293785310734463
183,1.0,0.4293785310734463
184,1.0,0.4293785310734463
185,1.0,0.4293785310734463
186,1.0,0.4293785310734463
187,1.0,0.4293785310734463
188,1.0,0.4293785310734463
189,1.0,0.4293785310734463
190,1.0,0.4293785310734463
191,1.0,0.4293785310734463
192,1.0,0.4293785310734463
193,1.0,0.4293785310734463
194,1.0,0.4293785310734463
195,1.0,0.4293785310734463
196,1.0,0.4293785310734463
197,1.0,0.4293785310734463
198,1.0,0.4293785310734463
199,1.0,0.4293785310734463
200,1.0,0.4293785310734463
201,1.0,0.4293785310734463
202,1.0,0.4293785310734463
203,1.0,0.4293785310734463
204,1.0,0.4293785310734463
205,1.0,0.4293785310734463
206,1.0,0.4293785310734463
207,1.0,0.4293785310734463
208,1.0,0.4293785310734463
209,1.0,0.4293785310734463
210,1.0,0.4293785310734463
211,1.0,0.4293785310734463
212,1.0,0.4293785310734463
213,1.0,0.4293785310734463
214,1.0,0.4293785310734463
215,1.0,0.4293785310734463
216,1.0,0.4293785310734463
217,1.0,0.4293785310734463
218,1.0,0.4293785310734463
219,1.0,0.4293785310734463
220,1.0,0.4293785310734463
221,1.0,0.4293785310734463
222,1.0,0.4293785310734463
223,1.0,0.4293785310734463
224,1.0,0.4293785310734463
225,1.0,0.4293785310734463
226,1.0,0.4293785310734463
227,1.0,0.4293785310734463
228,1.0,0.4293785310734463
229,1.0,0.4293785310734463
230,1.0,0.4293785310734463
231,1.0,0.4293785310734463
232,1.0,0.4293785310734463
233,1.0,0.4293785310734463
234,1.0,0.4293785310734463
235,1.0,0.4293785310734463
236,1.0,0.4293785310734463
237,1.0,0.4293785310734463
238,1.0,0.4293785310734463
239,1.0,0.4293785310734463
240,1.0,0.4293785310734463
241,1.0,0.4293785310734463
242,1.0,0.4293785310734463
243,1.0,0.4293785310734463
244,1.0,0.4293785310734463
245,1.0,0.4293785310734463
246,1.0,0.4293785310734463
247,1.0,0.4293785310734463
248,1.0,0.4293785310734463
249,1.0,0.4293785310734463
250,1.0,0.4293785310734463
251,1.0,0.4293785310734463
252,1.0,0.4293785310734463
253,1.0,0.4293785310734463
254,1.0,0.4293785310734463
255,1.0,0.4293785310734463
256,1.0,0.4293785310734463
257,1.0,0.4293785310734463
258,1.0,0.4293785310734463
259,1.0,0.4293785310734463
260,1.0,0.4293785310734463
261,1.0,0.4293785310734463
262,1.0,0.4293785310734463
263,1.0,0.4293785310734463
264,1.0,0.4293785310734463
265,1.0,0.4293785310734463
266,1.0,0.4293785310734463
267,1.0,0.4293785310734463
268,1.0,0.4293785310734463
269,1.0,0.4293785310734463
270,1.0,0.4293785310734463
271,1.0,0.4293785310734463
272,1.0,0.4293785310734463
273,1.0,0.4293785310734463
274,1.0,0.4293785310734463
275,1.0,0.4293785310734463
276,1.0,0.4293785310734463
277,1.0,0.4293785310734463
278,1.0,0.4293785310734463
279,1.0,0.4293785310734463
280,1.0,0.4293785310734463
281,1.0,0.4293785310734463
282,1.0,0.4293785310734463
283,1.0,0.4293785310734463
284,1.0,0.4293785310734463
285,1.0,0.4293785310734463
286,1.0,0.4293785310734463
287,1.0,0.4293785310734463
288,1.0,0.4293785310734463
289,1.0,0.4293785310734463
290,1.0,0.4293785310734463
291,1.0,0.4293785310734463
292,1.0,0.4293785310734463
293,1.0,0.4293785310734463
294,1.0,0.4293785310734463
295,1.0,0.4293785310734463
296,1.0,0.4293785310734463
297,1.0,0.4293785310734463
298,1.0,0.4293785310734463
299,1.0,0.4293785310734463
300,1.0,0.4293785310734463
301,1.0,0.4293785310734463
302,1.0,0.4293785310734463
303,1.0,0.4293785310734463
304,1.0,0.4293785310734463
305,1.0,0.4293785310734463
306,1.0,0.4293785310734463
307,1.0,0.4293785310734463
308,1.0,0.4293785310734463
309,1.0,0.4293785310734463
310,1.0,0.4293785310734463
311,1.0,0.4293785310734463
312,1.0,0.4293785310734463
313,1.0,0.4293785310734463
314,1.0,0.4293785310734463
315,1.0,0.4293785310734463
316,1.0,0.4293785310734463
317,1.0,0.4293785310734463
318,1.0,0.4293785310734463
319,1.0,0.4293785310734463
320,1.0,0.4293785310734463
321,1.0,0.4293785310734463
322,1.0,0.4293785310734463
323,1.0,0.4293785310734463
324,1.0,0.4293785310734463
325,1.0,0.4293785310734463
326,1.0,0.4293785310734463
327,1.0,0.4293785310734463
328,1.0,0.4293785310734463
329,1.0,0.4293785310734463
330,1.0,0.4293785310734463
331,1.0,0.4293785310734463
332,1.0,0.4293785310734463
333,1.0,0.4293785310734463
334,1.0,0.4293785310734463
335,1.0,0.4293785310734463
336,1.0,0.4293785310734463
337,1.0,0.4293785310734463
338,1.0,0.4293785310734463
339,1.0,0.4293785310734463
340,1.0,0.4293785310734463
341,1.0,0.4293785310734463
342,1.0,0.4293785310734463
343,1.0,0.4293785310734463
344,1.0,0.4293785310734463
345,1.0,0.4293785310734463
346,1.0,0.4293785310734463
347,1.0,0.4293785310734463
348,1.0,0.4293785310734463
349,1.0,0.4293785310734463
350,1.0,0.4293785310734463
351,1.0,0.4293785310734463
352,1.0,0.4293785310734463
353,1.0,0.4293785310734463
354,1.0,0.4293785310734463
355,1.0,0.4293785310734463
356,1.0,0.4293785310734463
357,1.0,0.4293785310734463
358,1.0,0.4293785310734463
359,1.0,0.4293785310734463
360,1.0,0.4293785310734463
361,1.0,0.4293785310734463
362,1.0,0.4293785310734463
363,1.0,0.4293785310734463
364,1.0,0.4293785310734463
365,1.0,0.4293785310734463
366,1.0,0.4293785310734463
367,1.0,0.4293785310734463
368,1.0,0.4293785310734463
369,1.0,0.4293785310734463
370,1.0,0.4293785310734463
371,1.0,0.4293785310734463
372,1.0,0.4293785310734463
373,1.0,0.4293785310734463
374,1.0,0.4293785310734463
375,1.0,0.4293785310734463
376,1.0,0.4293785310734463
377,1.0,0.4293785310734463
378,1.0,0.4293785310734463
379,1.0,0.4293785310734463
380,1.0,0.4293785310734463
381,1.0,0.4293785310734463
382,1.0,0.4293785310734463
383,1.0,0.4293785310734463
384,1.0,0.4293785310734463
385,1.0,0.4293785310734463
386,1.0,0.4293785310734463
387,1.0,0.4293785310734463
388,1.0,0.4293785310734463
389,1.0,0.4293785310734463
390,1.0,0.4293785310734463
391,1.0,0.4293785310734463
392,1.0,0.4293785310734463
393,1.0,0.4293785310734463
394,1.0,0.4293785310734463
395,1.0,0.4293785310734463
396,1.0,0.4293785310734463
397,1.0,0.4293785310734463
398,1.0,0.4293785310734463
399,1.0,0.4293785310734463
400,1.0,0.4293785310734463
401,1.0,0.4293785310734463
402,1.0,0.4293785310734463
403,1.0,0.4293785310734463
404,1.0,0.4293785310734463
405,1.0,0.4293785310734463
406,1.0,0.4293785310734463
407,1.0,0.4293785310734463
408,1.0,0.4293785310734463
409,1.0,0.4293785310734463
410,1.0,0.4293785310734463
411,1.0,0.4293785310734463
412,1.0,0.4293785310734463
413,1.0,0.4293785310734463
414,1.0,0.4293785310734463
415,1.0,0.4293785310734463
416,1.0,0.4293785310734463
417,1.0,0.4293785310734463
418,1.0,0.4293785310734463
419,1.0,0.4293785310734463
420,1.0,0.4293785310734463
421,1.0,0.4293785310734463
422,1.0,0.4293785310734463
423,1.0,0.4293785310734463
424,1.0,0.4293785310734463
425,1.0,0.4293785310734463
426,1.0,0.4293785310734463
427,1.0,0.4293785310734463
428,1.0,0.4293785310734463
429,1.0,0.4293785310734463
430,1.0,0.4293785310734463
431,1.0,0.4293785310734463
432,1.0,0.4293785310734463
433,1.0,0.4293785310734463
434,1.0,0.4293785310734463
435,1.0,0.4293785310734463
436,1.0,0.4293785310734463
437,1.0,0.4293785310734463
438,1.0,0.4293785310734463
439,1.0,0.4293785310734463
440,1.0,0.4293785310734463
441,1.0,0.4293785310734463
442,1.0,0.4293785310734463
443,1.0,0.4293785310734463
444,1.0,0.4293785310734463
445,1.0,0.4293785310734463
446,1.0,0.4293785310734463
447,1.0,0.4293785310734463
448,1.0,0.4293785310734463
449,1.0,0.4293785310734463
450,1.0,0.4293785310734463
451,1.0,0.4293785310734463
452,1.0,0.4293785310734463
453,1.0,0.4293785310734463
454,1.0,0.4293785310734463
455,1.0,0.4293785310734463
456,1.0,0.4293785310734463
457,1.0,0.4293785310734463
458,1.0,0.4293785310734463
459,1.0,0.4293785310734463
460,1.0,0.4293785310734463
461,1.0,0.4293785310734463
462,1.0,0.4293785310734463
463,1.0,0.4293785310734463
464,1.0,0.4293785310734463
465,1.0,0.4293785310734463
466,1.0,0.4293785310734463
467,1.0,0.4293785310734463
468,1.0,0.4293785310734463
469,1.0,0.4293785310734463
470,1.0,0.4293785310734463
471,1.0,0.4293785310734463
472,1.0,0.4293785310734463
473,1.0,0.4293785310734463
474,1.0,0.4293785310734463
475,1.0,0.4293785310734463
476,1.0,0.4293785310734463
477,1.0,0.4293785310734463
478,1.0,0.4293785310734463
479,1.0,0.4293785310734463
480,1.0,0.4293785310734463
481,1.0,0.4293785310734463
482,1.0,0.4293785310734463
483,1.0,0.4293785310734463
484,1.0,0.4293785310734463
485,1.0,0.4293785310734463
486,1.0,0.4293785310734463
487,1.0,0.4293785310734463
488,1.0,0.4293785310734463
489,1.0,0.4293785310734463
490,1.0,0.4293785310734463
491,1.0,0.4293785310734463
492,1.0,0.4293785310734463
493,1.0,0.4293785310734463
494,1.0,0.4293785310734463
495,1.0,0.4293785310734463
496,1.0,0.4293785310734463
497,1.0,0.4293785310734463
498,1.0,0.4293785310734463
499,1.0,0.4293785310734463
500,1.0,0.4293785310734463
501,1.0,0.4293785310734463
502,1.0,0.4293785310734463
503,1.0,0.4293785310734463
504,1.0,0.4293785310734463
505,1.0,0.4293785310734463
506,1.0,0.4293785310734463
507,1.0,0.4293785310734463
508,1.0,0.4293785310734463
509,1.0,0.4293785310734463
510,1.0,0.4293785310734463
511,1.0,0.4293785310734463
512,1.0,0.4293785310734463
513,1.0,0.4293785310734463
514,1.0,0.4293785310734463
515,1.0,0.4293785310734463
516,1.0,0.4293785310734463
517,1.0,0.4293785310734463
518,1.0,0.4293785310734463
519,1.0,0.4293785310734463
520,1.0,0.4293785310734463
521,1.0,0.4293785310734463
522,1.0,0.4293785310734463
523,1.0,0.4293785310734463
524,1.0,0.4293785310734463
525,1.0,0.4293785310734463
526,1.0,0.4293785310734463
527,1.0,0.4293785310734463
528,1.0,0.4293785310734463
529,1.0,0.4293785310734463
530,1.0,0.4293785310734463
531,1.0,0.4293785310734463
532,1.0,0.4293785310734463
533,1.0,0.4293785310734463
534,1.0,0.4293785310734463
535,1.0,0.4293785310734463
536,1.0,0.4293785310734463
537,1.0,0.4293785310734463
538,1.0,0.4293785310734463
539,1.0,0.4293785310734463
540,1.0,0.4293785310734463
541,1.0,0.4293785310734463
542,1.0,0.4293785310734463
543,1.0,0.4293785310734463
544,1.0,0.4293785310734463
545,1.0,0.4293785310734463
546,1.0,0.4293785310734463
547,1.0,0.4293785310734463
548,1.0,0.4293785310734463
549,1.0,0.4293785310734463
550,1.0,0.4293785310734463
551,1.0,0.4293785310734463
552,1.0,0.4293785310734463
553,1.0,0.4293785310734463
554,1.0,0.4293785310734463
555,1.0,0.4293785310734463
556,1.0,0.4293785310734463
557,1.0,0.4293785310734463
558,1.0,0.4293785310734463
559,1.0,0.4293785310734463
560,1.0,0.4293785310734463
561,1.0,0.4293785310734463
562,1.0,0.4293785310734463
563,1.0,0.4293785310734463
564,1.0,0.4293785310734463
565,1.0,0.4293785310734463
566,1.0,0.4293785310734463
567,1.0,0.4293785310734463
568,1.0,0.4293785310734463
569,1.0,0.4293785310734463
570,1.0,0.4293785310734463
571,1.0,0.4293785310734463
572,1.0,0.4293785310734463
573,1.0,0.4293785310734463
574,1.0,0.4293785310734463
575,1.0,0.4293785310734463
576,1.0,0.4293785310734463
577,1.0,0.4293785310734463
578,1.0,0.4293785310734463
579,1.0,0.4293785310734463
580,1.0,0.4293785310734463
581,1.0,0.4293785310734463
582,1.0,0.4293785310734463
583,1.0,0.4293785310734463
584,1.0,0.4293785310734463
585,1.0,0.4293785310734463
586,1.0,0.4293785310734463
587,1.0,0.4293785310734463
588,1.0,0.4293785310734463
589,1.0,0.4293785310734463
590,1.0,0.4293785310734463
591,1.0,0.4293785310734463
592,1.0,0.4293785310734463
593,1.0,0.4293785310734463
594,1.0,0.4293785310734463
595,1.0,0.4293785310734463
596,1.0,0.4293785310734463
597,1.0,0.4293785310734463
598,1.0,0.4293785310734463
599,1.0,0.4293785310734463
600,1.0,0.4293785310734463
601,1.0,0.4293785310734463
602,1.0,0.4293785310734463
603,1.0,0.4293785310734463
604,1.0,0.4293785310734463
605,1.0,0.4293785310734463
606,1.0,0.4293785310734463
607,1.0,0.4293785310734463
608,1.0,0.4293785310734463
609,1.0,0.4293785310734463
610,1.0,0.4293785310734463
611,1.0,0.4293785310734463
612,1.0,0.4293785310734463
613,1.0,0.4293785310734463
614,1.0,0.4293785310734463
615,1.0,0.4293785310734463
616,1.0,0.4293785310734463
617,1.0,0.4293785310734463
618,1.0,0.4293785310734463
619,1.0,0.4293785310734463
620,1.0,0.4293785310734463
621,1.0,0.4293785310734463
622,1.0,0.4293785310734463
623,1.0,0.4293785310734463
624,1.0,0.4293785310734463
625,1.0,0.4293785310734463
626,1.0,0.4293785310734463
627,1.0,0.4293785310734463
628,1.0,0.4293785310734463
629,1.0,0.4293785310734463
630,1.0,0.4293785310734463
631,1.0,0.4293785310734463
632,1.0,0.4293785310734463
633,1.0,0.4293785310734463
634,1.0,0.4293785310734463
635,1.0,0.4293785310734463
636,1.0,0.4293785310734463
637,1.0,0.4293785310734463
638,1.0,0.4293785310734463
639,1.0,0.4293785310734463
640,1.0,0.4293785310734463
641,1.0,0.4293785310734463
642,1.0,0.4293785310734463
643,1.0,0.4293785310734463
644,1.0,0.4293785310734463
645,1.0,0.4293785310734463
646,1.0,0.4293785310734463
647,1.0,0.4293785310734463
648,1.0,0.4293785310734463
649,1.0,0.4293785310734463
650,1.0,0.4293785310734463
651,1.0,0.4293785310734463
652,1.0,0.4293785310734463
653,1.0,0.4293785310734463
654,1.0,0.4293785310734463
655,1.0,0.4293785310734463
656,1.0,0.4293785310734463
657,1.0,0.4293785310734463
658,1.0,0.4293785310734463
659,1.0,0.4293785310734463
660,1.0,0.4293785310734463
661,1.0,0.4293785310734463
662,1.0,0.4293785310734463
663,1.0,0.4293785310734463
664,1.0,0.4293785310734463
665,1.0,0.4293785310734463
666,1.0,0.4293785310734463
667,1.0,0.4293785310734463
668,1.0,0.4293785310734463
669,1.0,0.4293785310734463
670,1.0,0.4293785310734463
671,1.0,0.4293785310734463
672,1.0,0.4293785310734463
673,1.0,0.4293785310734463
674,1.0,0.4293785310734463
675,1.0,0.4293785310734463
676,1.0,0.4293785310734463
677,1.0,0.4293785310734463
678,1.0,0.4293785310734463
679,1.0,0.4293785310734463
680,1.0,0.4293785310734463
681,1.0,0.4293785310734463
682,1.0,0.4293785310734463
683,1.0,0.4293785310734463
684,1.0,0.4293785310734463
685,1.0,0.4293785310734463
686,1.0,0.4293785310734463
687,1.0,0.4293785310734463
688,1.0,0.4293785310734463
689,1.0,0.4293785310734463
690,1.0,0.4293785310734463
691,1.0,0.4293785310734463
692,1.0,0.4293785310734463
693,1.0,0.4293785310734463
694,1.0,0.4293785310734463
695,1.0,0.4293785310734463
696,1.0,0.4293785310734463
697,1.0,0.4293785310734463
698,1.0,0.4293785310734463
699,1.0,0.4293785310734463
700,1.0,0.4293785310734463
701,1.0,0.4293785310734463
702,1.0,0.4293785310734463
703,1.0,0.4293785310734463
704,1.0,0.4293785310734463
705,1.0,0.4293785310734463
706,1.0,0.4293785310734463
707,1.0,0.4293785310734463
708,1.0,0.4293785310734463
709,1.0,0.4293785310734463
710,1.0,0.4293785310734463
711,1.0,0.4293785310734463
712,1.0,0.4293785310734463
713,1.0,0.4293785310734463
714,1.0,0.4293785310734463
715,1.0,0.4293785310734463
716,1.0,0.4293785310734463
717,1.0,0.4293785310734463
718,1.0,0.4293785310734463
719,1.0,0.4293785310734463
720,1.0,0.4293785310734463
721,1.0,0.4293785310734463
722,1.0,0.4293785310734463
723,1.0,0.4293785310734463
724,1.0,0.4293785310734463
725,1.0,0.4293785310734463
726,1.0,0.4293785310734463
727,1.0,0.4293785310734463
728,1.0,0.4293785310734463
729,1.0,0.4293785310734463
730,1.0,0.4293785310734463
731,1.0,0.4293785310734463
732,1.0,0.4293785310734463
733,1.0,0.4293785310734463
734,1.0,0.4293785310734463
735,1.0,0.4293785310734463
736,1.0,0.4293785310734463
737,1.0,0.4293785310734463
738,1.0,0.4293785310734463
739,1.0,0.4293785310734463
740,1.0,0.4293785310734463
741,1.0,0.4293785310734463
742,1.0,0.4293785310734463
743,1.0,0.4293785310734463
744,1.0,0.4293785310734463
745,1.0,0.4293785310734463
746,1.0,0.4293785310734463
747,1.0,0.4293785310734463
748,1.0,0.4293785310734463
749,1.0,0.4293785310734463
750,1.0,0.4293785310734463
751,1.0,0.4293785310734463
752,1.0,0.4293785310734463
753,1.0,0.4293785310734463
754,1.0,0.4293785310734463
755,1.0,0.4293785310734463
756,1.0,0.4293785310734463
757,1.0,0.4293785310734463
758,1.0,0.4293785310734463
759,1.0,0.4293785310734463
760,1.0,0.4293785310734463
761,1.0,0.4293785310734463
762,1.0,0.4293785310734463
763,1.0,0.4293785310734463
764,1.0,0.4293785310734463
765,1.0,0.4293785310734463
766,1.0,0.4293785310734463
767,1.0,0.4293785310734463
768,1.0,0.4293785310734463
769,1.0,0.4293785310734463
770,1.0,0.4293785310734463
771,1.0,0.4293785310734463
772,1.0,0.4293785310734463
773,1.0,0.4293785310734463
774,1.0,0.4293785310734463
775,1.0,0.4293785310734463
776,1.0,0.4293785310734463
777,1.0,0.4293785310734463
778,1.0,0.4293785310734463
779,1.0,0.4293785310734463
780,1.0,0.4293785310734463
781,1.0,0.4293785310734463
782,1.0,0.4293785310734463
783,1.0,0.4293785310734463
784,1.0,0.4293785310734463
785,1.0,0.4293785310734463
786,1.0,0.4293785310734463
787,1.0,0.4293785310734463
788,1.0,0.4293785310734463
789,1.0,0.4293785310734463
790,1.0,0.4293785310734463
791,1.0,0.4293785310734463
792,1.0,0.4293785310734463
793,1.0,0.4293785310734463
794,1.0,0.4293785310734463
795,1.0,0.4293785310734463
796,1.0,0.4293785310734463
797,1.0,0.4293785310734463
798,1.0,0.4293785310734463
799,1.0,0.4293785310734463
800,1.0,0.4293785310734463
801,1.0,0.4293785310734463
802,1.0,0.4293785310734463
803,1.0,0.4293785310734463
804,1.0,0.4293785310734463
805,1.0,0.4293785310734463
806,1.0,0.4293785310734463
807,1.0,0.4293785310734463
808,1.0,0.4293785310734463
809,1.0,0.4293785310734463
810,1.0,0.4293785310734463
811,1.0,0.4293785310734463
812,1.0,0.4293785310734463
813,1.0,0.4293785310734463
814,1.0,0.4293785310734463
815,1.0,0.4293785310734463
816,1.0,0.4293785310734463
817,1.0,0.4293785310734463
818,1.0,0.4293785310734463
819,1.0,0.4293785310734463
820,1.0,0.4293785310734463
821,1.0,0.4293785310734463
822,1.0,0.4293785310734463
823,1.0,0.4293785310734463
824,1.0,0.4293785310734463
825,1.0,0.4293785310734463
826,1.0,0.4293785310734463
827,1.0,0.4293785310734463
828,1.0,0.4293785310734463
829,1.0,0.4293785310734463
830,1.0,0.4293785310734463
831,1.0,0.4293785310734463
832,1.0,0.4293785310734463
833,1.0,0.4293785310734463
834,1.0,0.4293785310734463
835,1.0,0.4293785310734463
836,1.0,0.4293785310734463
837,1.0,0.4293785310734463
838,1.0,0.4293785310734463
839,1.0,0.4293785310734463
840,1.0,0.4293785310734463
841,1.0,0.4293785310734463
842,1.0,0.4293785310734463
843,1.0,0.4293785310734463
844,1.0,0.4293785310734463
845,1.0,0.4293785310734463
846,1.0,0.4293785310734463
847,1.0,0.4293785310734463
848,1.0,0.4293785310734463
849,1.0,0.4293785310734463
850,1.0,0.4293785310734463
851,1.0,0.4293785310734463
852,1.0,0.4293785310734463
853,1.0,0.4293785310734463
854,1.0,0.4293785310734463
855,1.0,0.4293785310734463
856,1.0,0.4293785310734463
857,1.0,0.4293785310734463
858,1.0,0.4293785310734463
859,1.0,0.4293785310734463
860,1.0,0.4293785310734463
861,1.0,0.4293785310734463
862,1.0,0.4293785310734463
863,1.0,0.4293785310734463
864,1.0,0.4293785310734463
865,1.0,0.4293785310734463
866,1.0,0.4293785310734463
867,1.0,0.4293785310734463
868,1.0,0.4293785310734463
869,1.0,0.4293785310734463
870,1.0,0.4293785310734463
871,1.0,0.4293785310734463
872,1.0,0.4293785310734463
873,1.0,0.4293785310734463
874,1.0,0.4293785310734463
875,1.0,0.4293785310734463
876,1.0,0.4293785310734463
877,1.0,0.4293785310734463
878,1.0,0.4293785310734463
879,1.0,0.4293785310734463
880,1.0,0.4293785310734463
881,1.0,0.4293785310734463
882,1.0,0.4293785310734463
883,1.0,0.4293785310734463
884,1.0,0.4293785310734463
885,1.0,0.4293785310734463
886,1.0,0.4293785310734463
887,1.0,0.4293785310734463
888,1.0,0.4293785310734463
889,1.0,0.4293785310734463
890,1.0,0.4293785310734463
891,1.0,0.4293785310734463
892,1.0,0.4293785310734463
893,1.0,0.4293785310734463
894,1.0,0.4293785310734463
895,1.0,0.4293785310734463
896,1.0,0.4293785310734463
897,1.0,0.4293785310734463
898,1.0,0.4293785310734463
899,1.0,0.4293785310734463
900,1.0,0.4293785310734463
901,1.0,0.4293785310734463
902,1.0,0.4293785310734463
903,1.0,0.4293785310734463
904,1.0,0.4293785310734463
905,1.0,0.4293785310734463
906,1.0,0.4293785310734463
907,1.0,0.4293785310734463
908,1.0,0.4293785310734463
909,1.0,0.4293785310734463
910,1.0,0.4293785310734463
911,1.0,0.4293785310734463
912,2.0,0.16195856873822975
913,2.0,0.16195856873822975
914,2.0,0.16195856873822975
915,2.0,0.16195856873822975
916,2.0,0.16195856873822975
917,2.0,0.16195856873822975
918,2.0,0.16195856873822975
919,2.0,0.16195856873822975
920,2.0,0.16195856873822975
921,2.0,0.16195856873822975
922,2.0,0.16195856873822975
923,2.0,0.16195856873822975
924,2.0,0.16195856873822975
925,2.0,0.16195856873822975
926,2.0,0.16195856873822975
927,2.0,0.16195856873822975
928,2.0,0.16195856873822975
929,2.0,0.16195856873822975
930,2.0,0.16195856873822975
931,2.0,0.16195856873822975
932,2.0,0.16195856873822975
933,2.0,0.16195856873822975
934,2.0,0.16195856873822975
935,2.0,0.16195856873822975
936,2.0,0.16195856873822975
937,2.0,0.16195856873822975
938,2.0,0.16195856873822975
939,2.0,0.16195856873822975
940,2.0,0.16195856873822975
941,2.0,0.16195856873822975
942,2.0,0.16195856873822975
943,2.0,0.16195856873822975
944,2.0,0.16195856873822975
945,2.0,0.16195856873822975
946,2.0,0.16195856873822975
947,2.0,0.16195856873822975
948,2.0,0.16195856873822975
949,2.0,0.16195856873822975
950,2.0,0.16195856873822975
951,2.0,0.16195856873822975
952,2.0,0.16195856873822975
953,2.0,0.16195856873822975
954,2.0,0.16195856873822975
955,2.0,0.16195856873822975
956,2.0,0.16195856873822975
957,2.0,0.16195856873822975
958,2.0,0.16195856873822975
959,2.0,0.16195856873822975
960,2.0,0.16195856873822975
961,2.0,0.16195856873822975
962,2.0,0.16195856873822975
963,2.0,0.16195856873822975
964,2.0,0.16195856873822975
965,2.0,0.16195856873822975
966,2.0,0.16195856873822975
967,2.0,0.16195856873822975
968,2.0,0.16195856873822975
969,2.0,0.16195856873822975
970,2.0,0.16195856873822975
971,2.0,0.16195856873822975
972,2.0,0.16195856873822975
973,2.0,0.16195856873822975
974,2.0,0.16195856873822975
975,2.0,0.16195856873822975
976,2.0,0.16195856873822975
977,2.0,0.16195856873822975
978,2.0,0.16195856873822975
979,2.0,0.16195856873822975
980,2.0,0.16195856873822975
981,2.0,0.16195856873822975
982,2.0,0.16195856873822975
983,2.0,0.16195856873822975
984,2.0,0.16195856873822975
985,2.0,0.16195856873822975
986,2.0,0.16195856873822975
987,2.0,0.16195856873822975
988,2.0,0.16195856873822975
989,2.0,0.16195856873822975
990,2.0,0.16195856873822975
991,2.0,0.16195856873822975
992,2.0,0.16195856873822975
993,2.0,0.16195856873822975
994,2.0,0.16195856873822975
995,2.0,0.16195856873822975
996,2.0,0.16195856873822975
997,2.0,0.16195856873822975
998,2.0,0.16195856873822975
999,2.0,0.16195856873822975
1000,2.0,0.16195856873822975
1001,2.0,0.16195856873822975
1002,2.0,0.16195856873822975
1003,2.0,0.16195856873822975
1004,2.0,0.16195856873822975
1005,2.0,0.16195856873822975
1006,2.0,0.16195856873822975
1007,2.0,0.16195856873822975
1008,2.0,0.16195856873822975
1009,2.0,0.16195856873822975
1010,2.0,0.16195856873822975
1011,2.0,0.16195856873822975
1012,2.0,0.16195856873822975
1013,2.0,0.16195856873822975
1014,2.0,0.16195856873822975
1015,2.0,0.16195856873822975
1016,2.0,0.16195856873822975
1017,2.0,0.16195856873822975
1018,2.0,0.16195856873822975
1019,2.0,0.16195856873822975
1020,2.0,0.16195856873822975
1021,2.0,0.16195856873822975
1022,2.0,0.16195856873822975
1023,2.0,0.16195856873822975
1024,2.0,0.16195856873822975
1025,2.0,0.16195856873822975
1026,2.0,0.16195856873822975
1027,2.0,0.16195856873822975
1028,2.0,0.16195856873822975
1029,2.0,0.16195856873822975
1030,2.0,0.16195856873822975
1031,2.0,0.16195856873822975
1032,2.0,0.16195856873822975
1033,2.0,0.16195856873822975
1034,2.0,0.16195856873822975
1035,2.0,0.16195856873822975
1036,2.0,0.16195856873822975
1037,2.0,0.16195856873822975
1038,2.0,0.16195856873822975
1039,2.0,0.16195856873822975
1040,2.0,0.16195856873822975
1041,2.0,0.16195856873822975
1042,2.0,0.16195856873822975
1043,2.0,0.16195856873822975
1044,2.0,0.16195856873822975
1045,2.0,0.16195856873822975
1046,2.0,0.16195856873822975
1047,2.0,0.16195856873822975
1048,2.0,0.16195856873822975
1049,2.0,0.16195856873822975
1050,2.0,0.16195856873822975
1051,2.0,0.16195856873822975
1052,2.0,0.16195856873822975
1053,2.0,0.16195856873822975
1054,2.0,0.16195856873822975
1055,2.0,0.16195856873822975
1056,2.0,0.16195856873822975
1057,2.0,0.16195856873822975
1058,2.0,0.16195856873822975
1059,2.0,0.16195856873822975
1060,2.0,0.16195856873822975
1061,2.0,0.16195856873822975
1062,2.0,0.16195856873822975
1063,2.0,0.16195856873822975
1064,2.0,0.16195856873822975
1065,2.0,0.16195856873822975
1066,2.0,0.16195856873822975
1067,2.0,0.16195856873822975
1068,2.0,0.16195856873822975
1069,2.0,0.16195856873822975
1070,2.0,0.16195856873822975
1071,2.0,0.16195856873822975
1072,2.0,0.16195856873822975
1073,2.0,0.16195856873822975
1074,2.0,0.16195856873822975
1075,2.0,0.16195856873822975
1076,2.0,0.16195856873822975
1077,2.0,0.16195856873822975
1078,2.0,0.16195856873822975
1079,2.0,0.16195856873822975
1080,2.0,0.16195856873822975
1081,2.0,0.16195856873822975
1082,2.0,0.16195856873822975
1083,2.0,0.16195856873822975
1084,2.0,0.16195856873822975
1085,2.0,0.16195856873822975
1086,2.0,0.16195856873822975
1087,2.0,0.16195856873822975
1088,2.0,0.16195856873822975
1089,2.0,0.16195856873822975
1090,2.0,0.16195856873822975
1091,2.0,0.16195856873822975
1092,2.0,0.16195856873822975
1093,2.0,0.16195856873822975
1094,2.0,0.16195856873822975
1095,2.0,0.16195856873822975
1096,2.0,0.16195856873822975
1097,2.0,0.16195856873822975
1098,2.0,0.16195856873822975
1099,2.0,0.16195856873822975
1100,2.0,0.16195856873822975
1101,2.0,0.16195856873822975
1102,2.0,0.16195856873822975
1103,2.0,0.16195856873822975
1104,2.0,0.16195856873822975
1105,2.0,0.16195856873822975
1106,2.0,0.16195856873822975
1107,2.0,0.16195856873822975
1108,2.0,0.16195856873822975
1109,2.0,0.16195856873822975
1110,2.0,0.16195856873822975
1111,2.0,0.16195856873822975
1112,2.0,0.16195856873822975
1113,2.0,0.16195856873822975
1114,2.0,0.16195856873822975
1115,2.0,0.16195856873822975
1116,2.0,0.16195856873822975
1117,2.0,0.16195856873822975
1118,2.0,0.16195856873822975
1119,2.0,0.16195856873822975
1120,2.0,0.16195856873822975
1121,2.0,0.16195856873822975
1122,2.0,0.16195856873822975
1123,2.0,0.16195856873822975
1124,2.0,0.16195856873822975
1125,2.0,0.16195856873822975
1126,2.0,0.16195856873822975
1127,2.0,0.16195856873822975
1128,2.0,0.16195856873822975
1129,2.0,0.16195856873822975
1130,2.0,0.16195856873822975
1131,2.0,0.16195856873822975
1132,2.0,0.16195856873822975
1133,2.0,0.16195856873822975
1134,2.0,0.16195856873822975
1135,2.0,0.16195856873822975
1136,2.0,0.16195856873822975
1137,2.0,0.16195856873822975
1138,2.0,0.16195856873822975
1139,2.0,0.16195856873822975
1140,2.0,0.16195856873822975
1141,2.0,0.16195856873822975
1142,2.0,0.16195856873822975
1143,2.0,0.16195856873822975
1144,2.0,0.16195856873822975
1145,2.0,0.16195856873822975
1146,2.0,0.16195856873822975
1147,2.0,0.16195856873822975
1148,2.0,0.16195856873822975
1149,2.0,0.16195856873822975
1150,2.0,0.16195856873822975
1151,2.0,0.16195856873822975
1152,2.0,0.16195856873822975
1153,2.0,0.16195856873822975
1154,2.0,0.16195856873822975
1155,2.0,0.16195856873822975
1156,2.0,0.16195856873822975
1157,2.0,0.16195856873822975
1158,2.0,0.16195856873822975
1159,2.0,0.16195856873822975
1160,2.0,0.16195856873822975
1161,2.0,0.16195856873822975
1162,2.0,0.16195856873822975
1163,2.0,0.16195856873822975
1164,2.0,0.16195856873822975
1165,2.0,0.16195856873822975
1166,2.0,0.16195856873822975
1167,2.0,0.16195856873822975
1168,2.0,0.16195856873822975
1169,2.0,0.16195856873822975
1170,2.0,0.16195856873822975
1171,2.0,0.16195856873822975
1172,2.0,0.16195856873822975
1173,2.0,0.16195856873822975
1174,2.0,0.16195856873822975
1175,2.0,0.16195856873822975
1176,2.0,0.16195856873822975
1177,2.0,0.16195856873822975
1178,2.0,0.16195856873822975
1179,2.0,0.16195856873822975
1180,2.0,0.16195856873822975
1181,2.0,0.16195856873822975
1182,2.0,0.16195856873822975
1183,2.0,0.16195856873822975
1184,2.0,0.16195856873822975
1185,2.0,0.16195856873822975
1186,2.0,0.16195856873822975
1187,2.0,0.16195856873822975
1188,2.0,0.16195856873822975
1189,2.0,0.16195856873822975
1190,2.0,0.16195856873822975
1191,2.0,0.16195856873822975
1192,2.0,0.16195856873822975
1193,2.0,0.16195856873822975
1194,2.0,0.16195856873822975
1195,2.0,0.16195856873822975
1196,2.0,0.16195856873822975
1197,2.0,0.16195856873822975
1198,2.0,0.16195856873822975
1199,2.0,0.16195856873822975
1200,2.0,0.16195856873822975
1201,2.0,0.16195856873822975
1202,2.0,0.16195856873822975
1203,2.0,0.16195856873822975
1204,2.0,0.16195856873822975
1205,2.0,0.16195856873822975
1206,2.0,0.16195856873822975
1207,2.0,0.16195856873822975
1208,2.0,0.16195856873822975
1209,2.0,0.16195856873822975
1210,2.0,0.16195856873822975
1211,2.0,0.16195856873822975
1212,2.0,0.16195856873822975
1213,2.0,0.16195856873822975
1214,2.0,0.16195856873822975
1215,2.0,0.16195856873822975
1216,2.0,0.16195856873822975
1217,2.0,0.16195856873822975
1218,2.0,0.16195856873822975
1219,2.0,0.16195856873822975
1220,2.0,0.16195856873822975
1221,2.0,0.16195856873822975
1222,2.0,0.16195856873822975
1223,2.0,0.16195856873822975
1224,2.0,0.16195856873822975
1225,2.0,0.16195856873822975
1226,2.0,0.16195856873822975
1227,2.0,0.16195856873822975
1228,2.0,0.16195856873822975
1229,2.0,0.16195856873822975
1230,2.0,0.16195856873822975
1231,2.0,0.16195856873822975
1232,2.0,0.16195856873822975
1233,2.0,0.16195856873822975
1234,2.0,0.16195856873822975
1235,2.0,0.16195856873822975
1236,2.0,0.16195856873822975
1237,2.0,0.16195856873822975
1238,2.0,0.16195856873822975
1239,2.0,0.16195856873822975
1240,2.0,0.16195856873822975
1241,2.0,0.16195856873822975
1242,2.0,0.16195856873822975
1243,2.0,0.16195856873822975
1244,2.0,0.16195856873822975
1245,2.0,0.16195856873822975
1246,2.0,0.16195856873822975
1247,2.0,0.16195856873822975
1248,2.0,0.16195856873822975
1249,2.0,0.16195856873822975
1250,2.0,0.16195856873822975
1251,2.0,0.16195856873822975
1252,2.0,0.16195856873822975
1253,2.0,0.16195856873822975
1254,2.0,0.16195856873822975
1255,2.0,0.16195856873822975
1256,3.0,0.1120527306967985
1257,3.0,0.1120527306967985
1258,3.0,0.1120527306967985
1259,3.0,0.1120527306967985
1260,3.0,0.1120527306967985
1261,3.0,0.1120527306967985
1262,3.0,0.1120527306967985
1263,3.0,0.1120527306967985
1264,3.0,0.1120527306967985
1265,3.0,0.1120527306967985
1266,3.0,0.1120527306967985
1267,3.0,0.1120527306967985
1268,3.0,0.1120527306967985
1269,3.0,0.1120527306967985
1270,3.0,0.1120527306967985
1271,3.0,0.1120527306967985
1272,3.0,0.1120527306967985
1273,3.0,0.1120527306967985
1274,3.0,0.1120527306967985
1275,3.0,0.1120527306967985
1276,3.0,0.1120527306967985
1277,3.0,0.1120527306967985
1278,3.0,0.1120527306967985
1279,3.0,0.1120527306967985
1280,3.0,0.1120527306967985
1281,3.0,0.1120527306967985
1282,3.0,0.1120527306967985
1283,3.0,0.1120527306967985
1284,3.0,0.1120527306967985
1285,3.0,0.1120527306967985
1286,3.0,0.1120527306967985
1287,3.0,0.1120527306967985
1288,3.0,0.1120527306967985
1289,3.0,0.1120527306967985
1290,3.0,0.1120527306967985
1291,3.0,0.1120527306967985
1292,3.0,0.1120527306967985
1293,3.0,0.1120527306967985
1294,3.0,0.1120527306967985
1295,3.0,0.1120527306967985
1296,3.0,0.1120527306967985
1297,3.0,0.1120527306967985
1298,3.0,0.1120527306967985
1299,3.0,0.1120527306967985
1300,3.0,0.1120527306967985
1301,3.0,0.1120527306967985
1302,3.0,0.1120527306967985
1303,3.0,0.1120527306967985
1304,3.0,0.1120527306967985
1305,3.0,0.1120527306967985
1306,3.0,0.1120527306967985
1307,3.0,0.1120527306967985
1308,3.0,0.1120527306967985
1309,3.0,0.1120527306967985
1310,3.0,0.1120527306967985
1311,3.0,0.1120527306967985
1312,3.0,0.1120527306967985
1313,3.0,0.1120527306967985
1314,3.0,0.1120527306967985
1315,3.0,0.1120527306967985
1316,3.0,0.1120527306967985
1317,3.0,0.1120527306967985
1318,3.0,0.1120527306967985
1319,3.0,0.1120527306967985
1320,3.0,0.1120527306967985
1321,3.0,0.1120527306967985
1322,3.0,0.1120527306967985
1323,3.0,0.1120527306967985
1324,3.0,0.1120527306967985
1325,3.0,0.1120527306967985
1326,3.0,0.1120527306967985
1327,3.0,0.1120527306967985
1328,3.0,0.1120527306967985
1329,3.0,0.1120527306967985
1330,3.0,0.1120527306967985
1331,3.0,0.1120527306967985
1332,3.0,0.1120527306967985
1333,3.0,0.1120527306967985
1334,3.0,0.1120527306967985
1335,3.0,0.1120527306967985
1336,3.0,0.1120527306967985
1337,3.0,0.1120527306967985
1338,3.0,0.1120527306967985
1339,3.0,0.1120527306967985
1340,3.0,0.1120527306967985
1341,3.0,0.1120527306967985
1342,3.0,0.1120527306967985
1343,3.0,0.1120527306967985
1344,3.0,0.1120527306967985
1345,3.0,0.1120527306967985
1346,3.0,0.1120527306967985
1347,3.0,0.1120527306967985
1348,3.0,0.1120527306967985
1349,3.0,0.1120527306967985
1350,3.0,0.1120527306967985
1351,3.0,0.1120527306967985
1352,3.0,0.1120527306967985
1353,3.0,0.1120527306967985
1354,3.0,0.1120527306967985
1355,3.0,0.1120527306967985
1356,3.0,0.1120527306967985
1357,3.0,0.1120527306967985
1358,3.0,0.1120527306967985
1359,3.0,0.1120527306967985
1360,3.0,0.1120527306967985
1361,3.0,0.1120527306967985
1362,3.0,0.1120527306967985
1363,3.0,0.1120527306967985
1364,3.0,0.1120527306967985
1365,3.0,0.1120527306967985
1366,3.0,0.1120527306967985
1367,3.0,0.1120527306967985
1368,3.0,0.1120527306967985
1369,3.0,0.1120527306967985
1370,3.0,0.1120527306967985
1371,3.0,0.1120527306967985
1372,3.0,0.1120527306967985
1373,3.0,0.1120527306967985
1374,3.0,0.1120527306967985
1375,3.0,0.1120527306967985
1376,3.0,0.1120527306967985
1377,3.0,0.1120527306967985
1378,3.0,0.1120527306967985
1379,3.0,0.1120527306967985
1380,3.0,0.1120527306967985
1381,3.0,0.1120527306967985
1382,3.0,0.1120527306967985
1383,3.0,0.1120527306967985
1384,3.0,0.1120527306967985
1385,3.0,0.1120527306967985
1386,3.0,0.1120527306967985
1387,3.0,0.1120527306967985
1388,3.0,0.1120527306967985
1389,3.0,0.1120527306967985
1390,3.0,0.1120527306967985
1391,3.0,0.1120527306967985
1392,3.0,0.1120527306967985
1393,3.0,0.1120527306967985
1394,3.0,0.1120527306967985
1395,3.0,0.1120527306967985
1396,3.0,0.1120527306967985
1397,3.0,0.1120527306967985
1398,3.0,0.1120527306967985
1399,3.0,0.1120527306967985
1400,3.0,0.1120527306967985
1401,3.0,0.1120527306967985
1402,3.0,0.1120527306967985
1403,3.0,0.1120527306967985
1404,3.0,0.1120527306967985
1405,3.0,0.1120527306967985
1406,3.0,0.1120527306967985
1407,3.0,0.1120527306967985
1408,3.0,0.1120527306967985
1409,3.0,0.1120527306967985
1410,3.0,0.1120527306967985
1411,3.0,0.1120527306967985
1412,3.0,0.1120527306967985
1413,3.0,0.1120527306967985
1414,3.0,0.1120527306967985
1415,3.0,0.1120527306967985
1416,3.0,0.1120527306967985
1417,3.0,0.1120527306967985
1418,3.0,0.1120527306967985
1419,3.0,0.1120527306967985
1420,3.0,0.1120527306967985
1421,3.0,0.1120527306967985
1422,3.0,0.1120527306967985
1423,3.0,0.1120527306967985
1424,3.0,0.1120527306967985
1425,3.0,0.1120527306967985
1426,3.0,0.1120527306967985
1427,3.0,0.1120527306967985
1428,3.0,0.1120527306967985
1429,3.0,0.1120527306967985
1430,3.0,0.1120527306967985
1431,3.0,0.1120527306967985
1432,3.0,0.1120527306967985
1433,3.0,0.1120527306967985
1434,3.0,0.1120527306967985
1435,3.0,0.1120527306967985
1436,3.0,0.1120527306967985
1437,3.0,0.1120527306967985
1438,3.0,0.1120527306967985
1439,3.0,0.1120527306967985
1440,3.0,0.1120527306967985
1441,3.0,0.1120527306967985
1442,3.0,0.1120527306967985
1443,3.0,0.1120527306967985
1444,3.0,0.1120527306967985
1445,3.0,0.1120527306967985
1446,3.0,0.1120527306967985
1447,3.0,0.1120527306967985
1448,3.0,0.1120527306967985
1449,3.0,0.1120527306967985
1450,3.0,0.1120527306967985
1451,3.0,0.1120527306967985
1452,3.0,0.1120527306967985
1453,3.0,0.1120527306967985
1454,3.0,0.1120527306967985
1455,3.0,0.1120527306967985
1456,3.0,0.1120527306967985
1457,3.0,0.1120527306967985
1458,3.0,0.1120527306967985
1459,3.0,0.1120527306967985
1460,3.0,0.1120527306967985
1461,3.0,0.1120527306967985
1462,3.0,0.1120527306967985
1463,3.0,0.1120527306967985
1464,3.0,0.1120527306967985
1465,3.0,0.1120527306967985
1466,3.0,0.1120527306967985
1467,3.0,0.1120527306967985
1468,3.0,0.1120527306967985
1469,3.0,0.1120527306967985
1470,3.0,0.1120527306967985
1471,3.0,0.1120527306967985
1472,3.0,0.1120527306967985
1473,3.0,0.1120527306967985
1474,3.0,0.1120527306967985
1475,3.0,0.1120527306967985
1476,3.0,0.1120527306967985
1477,3.0,0.1120527306967985
1478,3.0,0.1120527306967985
1479,3.0,0.1120527306967985
1480,3.0,0.1120527306967985
1481,3.0,0.1120527306967985
1482,3.0,0.1120527306967985
1483,3.0,0.1120527306967985
1484,3.0,0.1120527306967985
1485,3.0,0.1120527306967985
1486,3.0,0.1120527306967985
1487,3.0,0.1120527306967985
1488,3.0,0.1120527306967985
1489,3.0,0.1120527306967985
1490,3.0,0.1120527306967985
1491,3.0,0.1120527306967985
1492,3.0,0.1120527306967985
1493,3.0,0.1120527306967985
1494,4.0,0.07015065913370998
1495,4.0,0.07015065913370998
1496,4.0,0.07015065913370998
1497,4.0,0.07015065913370998
1498,4.0,0.07015065913370998
1499,4.0,0.07015065913370998
1500,4.0,0.07015065913370998
1501,4.0,0.07015065913370998
1502,4.0,0.07015065913370998
1503,4.0,0.07015065913370998
1504,4.0,0.07015065913370998
1505,4.0,0.07015065913370998
1506,4.0,0.07015065913370998
1507,4.0,0.07015065913370998
1508,4.0,0.07015065913370998
1509,4.0,0.07015065913370998
1510,4.0,0.07015065913370998
1511,4.0,0.07015065913370998
1512,4.0,0.07015065913370998
1513,4.0,0.07015065913370998
1514,4.0,0.07015065913370998
1515,4.0,0.07015065913370998
1516,4.0,0.07015065913370998
1517,4.0,0.07015065913370998
1518,4.0,0.07015065913370998
1519,4.0,0.07015065913370998
1520,4.0,0.07015065913370998
1521,4.0,0.07015065913370998
1522,4.0,0.07015065913370998
1523,4.0,0.07015065913370998
1524,4.0,0.07015065913370998
1525,4.0,0.07015065913370998
1526,4.0,0.07015065913370998
1527,4.0,0.07015065913370998
1528,4.0,0.07015065913370998
1529,4.0,0.07015065913370998
1530,4.0,0.07015065913370998
1531,4.0,0.07015065913370998
1532,4.0,0.07015065913370998
1533,4.0,0.07015065913370998
1534,4.0,0.07015065913370998
1535,4.0,0.07015065913370998
1536,4.0,0.07015065913370998
1537,4.0,0.07015065913370998
1538,4.0,0.07015065913370998
1539,4.0,0.07015065913370998
1540,4.0,0.07015065913370998
1541,4.0,0.07015065913370998
1542,4.0,0.07015065913370998
1543,4.0,0.07015065913370998
1544,4.0,0.07015065913370998
1545,4.0,0.07015065913370998
1546,4.0,0.07015065913370998
1547,4.0,0.07015065913370998
1548,4.0,0.07015065913370998
1549,4.0,0.07015065913370998
1550,4.0,0.07015065913370998
1551,4.0,0.07015065913370998
1552,4.0,0.07015065913370998
1553,4.0,0.07015065913370998
1554,4.0,0.07015065913370998
1555,4.0,0.07015065913370998
1556,4.0,0.07015065913370998
1557,4.0,0.07015065913370998
1558,4.0,0.07015065913370998
1559,4.0,0.07015065913370998
1560,4.0,0.07015065913370998
1561,4.0,0.07015065913370998
1562,4.0,0.07015065913370998
1563,4.0,0.07015065913370998
1564,4.0,0.07015065913370998
1565,4.0,0.07015065913370998
1566,4.0,0.07015065913370998
1567,4.0,0.07015065913370998
1568,4.0,0.07015065913370998
1569,4.0,0.07015065913370998
1570,4.0,0.07015065913370998
1571,4.0,0.07015065913370998
1572,4.0,0.07015065913370998
1573,4.0,0.07015065913370998
1574,4.0,0.07015065913370998
1575,4.0,0.07015065913370998
1576,4.0,0.07015065913370998
1577,4.0,0.07015065913370998
1578,4.0,0.07015065913370998
1579,4.0,0.07015065913370998
1580,4.0,0.07015065913370998
1581,4.0,0.07015065913370998
1582,4.0,0.07015065913370998
1583,4.0,0.07015065913370998
1584,4.0,0.07015065913370998
1585,4.0,0.07015065913370998
1586,4.0,0.07015065913370998
1587,4.0,0.07015065913370998
1588,4.0,0.07015065913370998
1589,4.0,0.07015065913370998
1590,4.0,0.07015065913370998
1591,4.0,0.07015065913370998
1592,4.0,0.07015065913370998
1593,4.0,0.07015065913370998
1594,4.0,0.07015065913370998
1595,4.0,0.07015065913370998
1596,4.0,0.07015065913370998
1597,4.0,0.07015065913370998
1598,4.0,0.07015065913370998
1599,4.0,0.07015065913370998
1600,4.0,0.07015065913370998
1601,4.0,0.07015065913370998
1602,4.0,0.07015065913370998
1603,4.0,0.07015065913370998
1604,4.0,0.07015065913370998
1605,4.0,0.07015065913370998
1606,4.0,0.07015065913370998
1607,4.0,0.07015065913370998
1608,4.0,0.07015065913370998
1609,4.0,0.07015065913370998
1610,4.0,0.07015065913370998
1611,4.0,0.07015065913370998
1612,4.0,0.07015065913370998
1613,4.0,0.07015065913370998
1614,4.0,0.07015065913370998
1615,4.0,0.07015065913370998
1616,4.0,0.07015065913370998
1617,4.0,0.07015065913370998
1618,4.0,0.07015065913370998
1619,4.0,0.07015065913370998
1620,4.0,0.07015065913370998
1621,4.0,0.07015065913370998
1622,4.0,0.07015065913370998
1623,4.0,0.07015065913370998
1624,4.0,0.07015065913370998
1625,4.0,0.07015065913370998
1626,4.0,0.07015065913370998
1627,4.0,0.07015065913370998
1628,4.0,0.07015065913370998
1629,4.0,0.07015065913370998
1630,4.0,0.07015065913370998
1631,4.0,0.07015065913370998
1632,4.0,0.07015065913370998
1633,4.0,0.07015065913370998
1634,4.0,0.07015065913370998
1635,4.0,0.07015065913370998
1636,4.0,0.07015065913370998
1637,4.0,0.07015065913370998
1638,4.0,0.07015065913370998
1639,4.0,0.07015065913370998
1640,4.0,0.07015065913370998
1641,4.0,0.07015065913370998
1642,4.0,0.07015065913370998
1643,5.0,0.0475517890772128
1644,5.0,0.0475517890772128
1645,5.0,0.0475517890772128
1646,5.0,0.0475517890772128
1647,5.0,0.0475517890772128
1648,5.0,0.0475517890772128
1649,5.0,0.0475517890772128
1650,5.0,0.0475517890772128
1651,5.0,0.0475517890772128
1652,5.0,0.0475517890772128
1653,5.0,0.0475517890772128
1654,5.0,0.0475517890772128
1655,5.0,0.0475517890772128
1656,5.0,0.0475517890772128
1657,5.0,0.0475517890772128
1658,5.0,0.0475517890772128
1659,5.0,0.0475517890772128
1660,5.0,0.0475517890772128
1661,5.0,0.0475517890772128
1662,5.0,0.0475517890772128
1663,5.0,0.0475517890772128
1664,5.0,0.0475517890772128
1665,5.0,0.0475517890772128
1666,5.0,0.0475517890772128
1667,5.0,0.0475517890772128
1668,5.0,0.0475517890772128
1669,5.0,0.0475517890772128
1670,5.0,0.0475517890772128
1671,5.0,0.0475517890772128
1672,5.0,0.0475517890772128
1673,5.0,0.0475517890772128
1674,5.0,0.0475517890772128
1675,5.0,0.0475517890772128
1676,5.0,0.0475517890772128
1677,5.0,0.0475517890772128
1678,5.0,0.0475517890772128
1679,5.0,0.0475517890772128
1680,5.0,0.0475517890772128
1681,5.0,0.0475517890772128
1682,5.0,0.0475517890772128
1683,5.0,0.0475517890772128
1684,5.0,0.0475517890772128
1685,5.0,0.0475517890772128
1686,5.0,0.0475517890772128
1687,5.0,0.0475517890772128
1688,5.0,0.0475517890772128
1689,5.0,0.0475517890772128
1690,5.0,0.0475517890772128
1691,5.0,0.0475517890772128
1692,5.0,0.0475517890772128
1693,5.0,0.0475517890772128
1694,5.0,0.0475517890772128
1695,5.0,0.0475517890772128
1696,5.0,0.0475517890772128
1697,5.0,0.0475517890772128
1698,5.0,0.0475517890772128
1699,5.0,0.0475517890772128
1700,5.0,0.0475517890772128
1701,5.0,0.0475517890772128
1702,5.0,0.0475517890772128
1703,5.0,0.0475517890772128
1704,5.0,0.0475517890772128
1705,5.0,0.0475517890772128
1706,5.0,0.0475517890772128
1707,5.0,0.0475517890772128
1708,5.0,0.0475517890772128
1709,5.0,0.0475517890772128
1710,5.0,0.0475517890772128
1711,5.0,0.0475517890772128
1712,5.0,0.0475517890772128
1713,5.0,0.0475517890772128
1714,5.0,0.0475517890772128
1715,5.0,0.0475517890772128
1716,5.0,0.0475517890772128
1717,5.0,0.0475517890772128
1718,5.0,0.0475517890772128
1719,5.0,0.0475517890772128
1720,5.0,0.0475517890772128
1721,5.0,0.0475517890772128
1722,5.0,0.0475517890772128
1723,5.0,0.0475517890772128
1724,5.0,0.0475517890772128
1725,5.0,0.0475517890772128
1726,5.0,0.0475517890772128
1727,5.0,0.0475517890772128
1728,5.0,0.0475517890772128
1729,5.0,0.0475517890772128
1730,5.0,0.0475517890772128
1731,5.0,0.0475517890772128
1732,5.0,0.0475517890772128
1733,5.0,0.0475517890772128
1734,5.0,0.0475517890772128
1735,5.0,0.0475517890772128
1736,5.0,0.0475517890772128
1737,5.0,0.0475517890772128
1738,5.0,0.0475517890772128
1739,5.0,0.0475517890772128
1740,5.0,0.0475517890772128
1741,5.0,0.0475517890772128
1742,5.0,0.0475517890772128
1743,5.0,0.0475517890772128
1744,6.0,0.038135593220338986
1745,6.0,0.038135593220338986
1746,6.0,0.038135593220338986
1747,6.0,0.038135593220338986
1748,6.0,0.038135593220338986
1749,6.0,0.038135593220338986
1750,6.0,0.038135593220338986
1751,6.0,0.038135593220338986
1752,6.0,0.038135593220338986
1753,6.0,0.038135593220338986
1754,6.0,0.038135593220338986
1755,6.0,0.038135593220338986
1756,6.0,0.038135593220338986
1757,6.0,0.038135593220338986
1758,6.0,0.038135593220338986
1759,6.0,0.038135593220338986
1760,6.0,0.038135593220338986
1761,6.0,0.038135593220338986
1762,6.0,0.038135593220338986
1763,6.0,0.038135593220338986
1764,6.0,0.038135593220338986
1765,6.0,0.038135593220338986
1766,6.0,0.038135593220338986
1767,6.0,0.038135593220338986
1768,6.0,0.038135593220338986
1769,6.0,0.038135593220338986
1770,6.0,0.038135593220338986
1771,6.0,0.038135593220338986
1772,6.0,0.038135593220338986
1773,6.0,0.038135593220338986
1774,6.0,0.038135593220338986
1775,6.0,0.038135593220338986
1776,6.0,0.038135593220338986
1777,6.0,0.038135593220338986
1778,6.0,0.038135593220338986
1779,6.0,0.038135593220338986
1780,6.0,0.038135593220338986
1781,6.0,0.038135593220338986
1782,6.0,0.038135593220338986
1783,6.0,0.038135593220338986
1784,6.0,0.038135593220338986
1785,6.0,0.038135593220338986
1786,6.0,0.038135593220338986
1787,6.0,0.038135593220338986
1788,6.0,0.038135593220338986
1789,6.0,0.038135593220338986
1790,6.0,0.038135593220338986
1791,6.0,0.038135593220338986
1792,6.0,0.038135593220338986
1793,6.0,0.038135593220338986
1794,6.0,0.038135593220338986
1795,6.0,0.038135593220338986
1796,6.0,0.038135593220338986
1797,6.0,0.038135593220338986
1798,6.0,0.038135593220338986
1799,6.0,0.038135593220338986
1800,6.0,0.038135593220338986
1801,6.0,0.038135593220338986
1802,6.0,0.038135593220338986
1803,6.0,0.038135593220338986
1804,6.0,0.038135593220338986
1805,6.0,0.038135593220338986
1806,6.0,0.038135593220338986
1807,6.0,0.038135593220338986
1808,6.0,0.038135593220338986
1809,6.0,0.038135593220338986
1810,6.0,0.038135593220338986
1811,6.0,0.038135593220338986
1812,6.0,0.038135593220338986
1813,6.0,0.038135593220338986
1814,6.0,0.038135593220338986
1815,6.0,0.038135593220338986
1816,6.0,0.038135593220338986
1817,6.0,0.038135593220338986
1818,6.0,0.038135593220338986
1819,6.0,0.038135593220338986
1820,6.0,0.038135593220338986
1821,6.0,0.038135593220338986
1822,6.0,0.038135593220338986
1823,6.0,0.038135593220338986
1824,6.0,0.038135593220338986
1825,7.0,0.027306967984934087
1826,7.0,0.027306967984934087
1827,7.0,0.027306967984934087
1828,7.0,0.027306967984934087
1829,7.0,0.027306967984934087
1830,7.0,0.027306967984934087
1831,7.0,0.027306967984934087
1832,7.0,0.027306967984934087
1833,7.0,0.027306967984934087
1834,7.0,0.027306967984934087
1835,7.0,0.027306967984934087
1836,7.0,0.027306967984934087
1837,7.0,0.027306967984934087
1838,7.0,0.027306967984934087
1839,7.0,0.027306967984934087
1840,7.0,0.027306967984934087
1841,7.0,0.027306967984934087
1842,7.0,0.027306967984934087
1843,7.0,0.027306967984934087
1844,7.0,0.027306967984934087
1845,7.0,0.027306967984934087
1846,7.0,0.027306967984934087
1847,7.0,0.027306967984934087
1848,7.0,0.027306967984934087
1849,7.0,0.027306967984934087
1850,7.0,0.027306967984934087
1851,7.0,0.027306967984934087
1852,7.0,0.027306967984934087
1853,7.0,0.027306967984934087
1854,7.0,0.027306967984934087
1855,7.0,0.027306967984934087
1856,7.0,0.027306967984934087
1857,7.0,0.027306967984934087
1858,7.0,0.027306967984934087
1859,7.0,0.027306967984934087
1860,7.0,0.027306967984934087
1861,7.0,0.027306967984934087
1862,7.0,0.027306967984934087
1863,7.0,0.027306967984934087
1864,7.0,0.027306967984934087
1865,7.0,0.027306967984934087
1866,7.0,0.027306967984934087
1867,7.0,0.027306967984934087
1868,7.0,0.027306967984934087
1869,7.0,0.027306967984934087
1870,7.0,0.027306967984934087
1871,7.0,0.027306967984934087
1872,7.0,0.027306967984934087
1873,7.0,0.027306967984934087
1874,7.0,0.027306967984934087
1875,7.0,0.027306967984934087
1876,7.0,0.027306967984934087
1877,7.0,0.027306967984934087
1878,7.0,0.027306967984934087
1879,7.0,0.027306967984934087
1880,7.0,0.027306967984934087
1881,7.0,0.027306967984934087
1882,7.0,0.027306967984934087
1883,8.0,0.017419962335216574
1884,8.0,0.017419962335216574
1885,8.0,0.017419962335216574
1886,8.0,0.017419962335216574
1887,8.0,0.017419962335216574
1888,8.0,0.017419962335216574
1889,8.0,0.017419962335216574
1890,8.0,0.017419962335216574
1891,8.0,0.017419962335216574
1892,8.0,0.017419962335216574
1893,8.0,0.017419962335216574
1894,8.0,0.017419962335216574
1895,8.0,0.017419962335216574
1896,8.0,0.017419962335216574
1897,8.0,0.017419962335216574
1898,8.0,0.017419962335216574
1899,8.0,0.017419962335216574
1900,8.0,0.017419962335216574
1901,8.0,0.017419962335216574
1902,8.0,0.017419962335216574
1903,8.0,0.017419962335216574
1904,8.0,0.017419962335216574
1905,8.0,0.017419962335216574
1906,8.0,0.017419962335216574
1907,8.0,0.017419962335216574
1908,8.0,0.017419962335216574
1909,8.0,0.017419962335216574
1910,8.0,0.017419962335216574
1911,8.0,0.017419962335216574
1912,8.0,0.017419962335216574
1913,8.0,0.017419962335216574
1914,8.0,0.017419962335216574
1915,8.0,0.017419962335216574
1916,8.0,0.017419962335216574
1917,8.0,0.017419962335216574
1918,8.0,0.017419962335216574
1919,8.0,0.017419962335216574
1920,9.0,0.0160075329566855
1921,9.0,0.0160075329566855
1922,9.0,0.0160075329566855
1923,9.0,0.0160075329566855
1924,9.0,0.0160075329566855
1925,9.0,0.0160075329566855
1926,9.0,0.0160075329566855
1927,9.0,0.0160075329566855
1928,9.0,0.0160075329566855
1929,9.0,0.0160075329566855
1930,9.0,0.0160075329566855
1931,9.0,0.0160075329566855
1932,9.0,0.0160075329566855
1933,9.0,0.0160075329566855
1934,9.0,0.0160075329566855
1935,9.0,0.0160075329566855
1936,9.0,0.0160075329566855
1937,9.0,0.0160075329566855
1938,9.0,0.0160075329566855
1939,9.0,0.0160075329566855
1940,9.0,0.0160075329566855
1941,9.0,0.0160075329566855
1942,9.0,0.0160075329566855
1943,9.0,0.0160075329566855
1944,9.0,0.0160075329566855
1945,9.0,0.0160075329566855
1946,9.0,0.0160075329566855
1947,9.0,0.0160075329566855
1948,9.0,0.0160075329566855
1949,9.0,0.0160075329566855
1950,9.0,0.0160075329566855
1951,9.0,0.0160075329566855
1952,9.0,0.0160075329566855
1953,9.0,0.0160075329566855
1954,11.0,0.011299435028248588
1955,11.0,0.011299435028248588
1956,11.0,0.011299435028248588
1957,11.0,0.011299435028248588
1958,11.0,0.011299435028248588
1959,11.0,0.011299435028248588
1960,11.0,0.011299435028248588
1961,11.0,0.011299435028248588
1962,11.0,0.011299435028248588
1963,11.0,0.011299435028248588
1964,11.0,0.011299435028248588
1965,11.0,0.011299435028248588
1966,11.0,0.011299435028248588
1967,11.0,0.011299435028248588
1968,11.0,0.011299435028248588
1969,11.0,0.011299435028248588
1970,11.0,0.011299435028248588
1971,11.0,0.011299435028248588
1972,11.0,0.011299435028248588
1973,11.0,0.011299435028248588
1974,11.0,0.011299435028248588
1975,11.0,0.011299435028248588
1976,11.0,0.011299435028248588
1977,11.0,0.011299435028248588
1978,13.0,0.009887005649717515
1979,13.0,0.009887005649717515
1980,13.0,0.009887005649717515
1981,13.0,0.009887005649717515
1982,13.0,0.009887005649717515
1983,13.0,0.009887005649717515
1984,13.0,0.009887005649717515
1985,13.0,0.009887005649717515
1986,13.0,0.009887005649717515
1987,13.0,0.009887005649717515
1988,13.0,0.009887005649717515
1989,13.0,0.009887005649717515
1990,13.0,0.009887005649717515
1991,13.0,0.009887005649717515
1992,13.0,0.009887005649717515
1993,13.0,0.009887005649717515
1994,13.0,0.009887005649717515
1995,13.0,0.009887005649717515
1996,13.0,0.009887005649717515
1997,13.0,0.009887005649717515
1998,13.0,0.009887005649717515
1999,12.0,0.008945386064030132
2000,12.0,0.008945386064030132
2001,12.0,0.008945386064030132
2002,12.0,0.008945386064030132
2003,12.0,0.008945386064030132
2004,12.0,0.008945386064030132
2005,12.0,0.008945386064030132
2006,12.0,0.008945386064030132
2007,12.0,0.008945386064030132
2008,12.0,0.008945386064030132
2009,12.0,0.008945386064030132
2010,12.0,0.008945386064030132
2011,12.0,0.008945386064030132
2012,12.0,0.008945386064030132
2013,12.0,0.008945386064030132
2014,12.0,0.008945386064030132
2015,12.0,0.008945386064030132
2016,12.0,0.008945386064030132
2017,12.0,0.008945386064030132
2018,10.0,0.00800376647834275
2019,10.0,0.00800376647834275
2020,10.0,0.00800376647834275
2021,10.0,0.00800376647834275
2022,10.0,0.00800376647834275
2023,10.0,0.00800376647834275
2024,10.0,0.00800376647834275
2025,10.0,0.00800376647834275
2026,10.0,0.00800376647834275
2027,10.0,0.00800376647834275
2028,10.0,0.00800376647834275
2029,10.0,0.00800376647834275
2030,10.0,0.00800376647834275
2031,10.0,0.00800376647834275
2032,10.0,0.00800376647834275
2033,10.0,0.00800376647834275
2034,10.0,0.00800376647834275
2035,14.0,0.00800376647834275
2036,14.0,0.00800376647834275
2037,14.0,0.00800376647834275
2038,14.0,0.00800376647834275
2039,14.0,0.00800376647834275
2040,14.0,0.00800376647834275
2041,14.0,0.00800376647834275
2042,14.0,0.00800376647834275
2043,14.0,0.00800376647834275
2044,14.0,0.00800376647834275
2045,14.0,0.00800376647834275
2046,14.0,0.00800376647834275
2047,14.0,0.00800376647834275
2048,14.0,0.00800376647834275
2049,14.0,0.00800376647834275
2050,14.0,0.00800376647834275
2051,14.0,0.00800376647834275
2052,15.0,0.005649717514124294
2053,15.0,0.005649717514124294
2054,15.0,0.005649717514124294
2055,15.0,0.005649717514124294
2056,15.0,0.005649717514124294
2057,15.0,0.005649717514124294
2058,15.0,0.005649717514124294
2059,15.0,0.005649717514124294
2060,15.0,0.005649717514124294
2061,15.0,0.005649717514124294
2062,15.0,0.005649717514124294
2063,15.0,0.005649717514124294
2064,16.0,0.00423728813559322
2065,16.0,0.00423728813559322
2066,16.0,0.00423728813559322
2067,16.0,0.00423728813559322
2068,16.0,0.00423728813559322
2069,16.0,0.00423728813559322
2070,16.0,0.00423728813559322
2071,16.0,0.00423728813559322
2072,16.0,0.00423728813559322
2073,17.0,0.00423728813559322
2074,17.0,0.00423728813559322
2075,17.0,0.00423728813559322
2076,17.0,0.00423728813559322
2077,17.0,0.00423728813559322
2078,17.0,0.00423728813559322
2079,17.0,0.00423728813559322
2080,17.0,0.00423728813559322
2081,17.0,0.00423728813559322
2082,18.0,0.002824858757062147
2083,18.0,0.002824858757062147
2084,18.0,0.002824858757062147
2085,18.0,0.002824858757062147
2086,18.0,0.002824858757062147
2087,18.0,0.002824858757062147
2088,19.0,0.0023540489642184556
2089,19.0,0.0023540489642184556
2090,19.0,0.0023540489642184556
2091,19.0,0.0023540489642184556
2092,19.0,0.0023540489642184556
2093,21.0,0.0023540489642184556
2094,21.0,0.0023540489642184556
2095,21.0,0.0023540489642184556
2096,21.0,0.0023540489642184556
2097,21.0,0.0023540489642184556
2098,20.0,0.0018832391713747645
2099,20.0,0.0018832391713747645
2100,20.0,0.0018832391713747645
2101,20.0,0.0018832391713747645
2102,22.0,0.0018832391713747645
2103,22.0,0.0018832391713747645
2104,22.0,0.0018832391713747645
2105,22.0,0.0018832391713747645
2106,24.0,0.0014124293785310734
2107,24.0,0.0014124293785310734
2108,24.0,0.0014124293785310734
2109,25.0,0.0014124293785310734
2110,25.0,0.0014124293785310734
2111,25.0,0.0014124293785310734
2112,23.0,0.0009416195856873823
2113,23.0,0.0009416195856873823
2114,26.0,0.0009416195856873823
2115,26.0,0.0009416195856873823
2116,34.0,0.0009416195856873823
2117,34.0,0.0009416195856873823
2118,37.0,0.00047080979284369113
2119,27.0,0.00047080979284369113
2120,28.0,0.00047080979284369113
2121,29.0,0.00047080979284369113
2122,30.0,0.00047080979284369113
2123,52.0,0.00047080979284369113
